-- User
INSERT INTO user (user_id, username, `password`, `status`, create_at, update_at) VALUES
('UIDA1F3C4E9B23CDEF1', 'john_doe', 'hashed_password_1', 'active', '2023-01-01 09:00:00', '2025-01-01 09:00:00');
INSERT INTO user (user_id, username, `password`, `status`, create_at, update_at) VALUES
('UIDB2E4D5F8A67BC912', 'sarah_lee', 'hashed_password_2', 'active', '2023-02-10 10:00:00', '2025-01-01 10:00:00');
INSERT INTO user (user_id, username, `password`, `status`, create_at, update_at) VALUES
('UIDC3D5E6A9F45AB823', 'michael_tan', 'hashed_password_3', 'inactive', '2023-03-05 11:00:00', '2024-12-30 11:00:00');

-- PROFILES
INSERT INTO profile (user_id, firstname, surname, dob, email_address, phone_number, image_url, address1, address2, address3, city, town, postcodeexpenses) VALUES
('UIDA1F3C4E9B23CDEF1', 'John', 'Doe', '1998-05-12', 'john.doe@email.com', 353871234567, NULL, '12 Greenway Street', '', '', 'Dublin', 'Dublin', 'D01AB2');
INSERT INTO profile (user_id, firstname, surname, dob, email_address, phone_number, image_url, address1, address2, address3, city, town, postcodeexpenses) VALUES
('UIDB2E4D5F8A67BC912', 'Sarah', 'Lee', '1995-07-25', 'sarah.lee@email.com', 353872345678, NULL, '45 Park Avenue', '', '', 'Cork', 'Cork', 'C02CD3');
INSERT INTO profile (user_id, firstname, surname, dob, email_address, phone_number, image_url, address1, address2, address3, city, town, postcodeexpenses) VALUES
('UIDC3D5E6A9F45AB823', 'Michael', 'Tan', '1992-09-10', 'michael.tan@email.com', 353873456789, NULL, '8 Hilltop Road', '', '', 'Galway', 'Galway', 'G03EF4');

-- PAYMENT_METHODS
INSERT INTO payment_method (payment_method_id, user_id, payment_type) VALUES
(1, 'UIDA1F3C4E9B23CDEF1', 'debit card');
INSERT INTO payment_method (payment_method_id, user_id, payment_type) VALUES
(2, 'UIDA1F3C4E9B23CDEF1', 'cash');
INSERT INTO payment_method (payment_method_id, user_id, payment_type) VALUES
(3, 'UIDB2E4D5F8A67BC912', 'debit card');
INSERT INTO payment_method (payment_method_id, user_id, payment_type) VALUES
(4, 'UIDB2E4D5F8A67BC912', 'cash');
INSERT INTO payment_method (payment_method_id, user_id, payment_type) VALUES
(5, 'UIDC3D5E6A9F45AB823', 'debit card');
INSERT INTO payment_method (payment_method_id, user_id, payment_type) VALUES
(6, 'UIDC3D5E6A9F45AB823', 'cash');

-- CARDS
INSERT INTO card_cash (card_cash_id, payment_method_id, card_type, card_number, card_cash_amount, issues_organization, issues_countries) VALUES
('CACF82FA7B80374483E', 1, 'Visa Debit', 4123456789012345, 1887.03, 'Bank of Ireland', 'Ireland');
INSERT INTO card_cash (card_cash_id, payment_method_id, card_type, card_number, card_cash_amount, issues_organization, issues_countries) VALUES
('CAC6584F9B70B004A46', 3, 'MasterCard Debit', 5234567890123456, 842.52, 'AIB Bank', 'Ireland');
INSERT INTO card_cash (card_cash_id, payment_method_id, card_type, card_number, card_cash_amount, issues_organization, issues_countries) VALUES
('CAC95E0E7E302F64781', 5, 'Visa Debit', 4345127890129999, 1267.55, 'Ulster Bank', 'Ireland');

-- EXPENSES
INSERT INTO expenses (expenses_id, user_id, payment_method_id, amount, purpose, spend_at, spend_time) VALUES
('EXP4CC45FC55B45480E', 'UIDA1F3C4E9B23CDEF1', 1, 373.51, 'Subscription', 'Lidl', '2025-07-06 07:09:23'),
('EXPC9291D330614488A', 'UIDA1F3C4E9B23CDEF1', 1, 34.3, 'Bills', 'Currys', '2025-02-24 01:00:38'),
('EXPEC47165C8BD34908', 'UIDA1F3C4E9B23CDEF1', 1, 289.4, 'Subscription', 'Starbucks', '2023-12-09 10:37:19'),
('EXP4FBF32D05CCF4430', 'UIDA1F3C4E9B23CDEF1', 1, 153.53, 'Groceries', 'Insomnia', '2023-09-06 00:31:50'),
('EXP9E493035CCD341B3', 'UIDA1F3C4E9B23CDEF1', 1, 183.32, 'Electronics', 'Currys', '2024-06-06 21:09:15'),
('EXP2F7357F4742C44A8', 'UIDA1F3C4E9B23CDEF1', 1, 202.37, 'Travel', 'Nandos', '2024-06-18 07:35:55'),
('EXP4C6F2C5455354C70', 'UIDA1F3C4E9B23CDEF1', 1, 407.42, 'Rent', 'Harvey Norman', '2023-07-13 21:51:23'),
('EXPEA99CA3F3FB94990', 'UIDA1F3C4E9B23CDEF1', 1, 433.62, 'Bills', 'Centra', '2023-04-19 01:12:14'),
('EXP7AD646A715204C5E', 'UIDA1F3C4E9B23CDEF1', 1, 129.39, 'Clothing', 'Lidl', '2023-12-28 15:04:23'),
('EXP44254EEFDAB6475D', 'UIDA1F3C4E9B23CDEF1', 1, 190.53, 'Clothing', 'Centra', '2025-11-27 20:30:14'),
('EXPDA5D23E77AC046A3', 'UIDA1F3C4E9B23CDEF1', 1, 312.38, 'Electronics', 'Harvey Norman', '2024-01-16 07:12:46'),
('EXP59021D543FB54F09', 'UIDA1F3C4E9B23CDEF1', 1, 202.14, 'Subscription', 'Currys', '2025-11-29 12:16:09'),
('EXP20AEAE9012D94184', 'UIDA1F3C4E9B23CDEF1', 1, 388.79, 'Groceries', 'Currys', '2023-02-19 20:47:01'),
('EXP1C0F60F7FF104A83', 'UIDA1F3C4E9B23CDEF1', 1, 147.14, 'Bills', 'Centra', '2025-05-22 01:19:15'),
('EXP50896374AB7D4428', 'UIDA1F3C4E9B23CDEF1', 1, 378.57, 'Appliances', 'SuperValu', '2025-06-25 11:41:03'),
('EXP9102562739614A5C', 'UIDA1F3C4E9B23CDEF1', 1, 125.27, 'Electronics', 'Harvey Norman', '2025-02-05 15:36:14'),
('EXPA1B64EC0154342B2', 'UIDA1F3C4E9B23CDEF1', 1, 42.62, 'Shopping', 'Aldi', '2025-09-01 16:53:02'),
('EXP7C73ED9F345D4E37', 'UIDA1F3C4E9B23CDEF1', 1, 346.63, 'Shopping', 'Starbucks', '2024-08-15 19:47:53'),
('EXP2E44E222F9C14771', 'UIDA1F3C4E9B23CDEF1', 1, 244.66, 'Clothing', 'Harvey Norman', '2023-01-18 20:02:36'),
('EXPC3CAF172B9FB44EF', 'UIDA1F3C4E9B23CDEF1', 1, 74.98, 'Subscription', 'Insomnia', '2024-02-19 11:57:50'),
('EXPDAB0F5BCEECD4DEC', 'UIDA1F3C4E9B23CDEF1', 1, 477.83, 'Clothing', 'Harvey Norman', '2023-10-05 12:37:29'),
('EXP619A0A85398746FA', 'UIDA1F3C4E9B23CDEF1', 1, 71.08, 'Clothing', 'Nandos', '2025-09-19 13:45:49'),
('EXP37073A5840CD443E', 'UIDA1F3C4E9B23CDEF1', 1, 115.48, 'Travel', 'Insomnia', '2023-09-08 22:59:04'),
('EXP659A4F3D84F64DAF', 'UIDA1F3C4E9B23CDEF1', 1, 393.74, 'Subscription', 'SuperValu', '2023-01-01 21:19:18'),
('EXPC09DF1BD6F2C47FE', 'UIDA1F3C4E9B23CDEF1', 1, 254.53, 'Shopping', 'SuperValu', '2024-07-17 20:54:13'),
('EXP809FF3F72DB847FA', 'UIDA1F3C4E9B23CDEF1', 1, 292.33, 'Shopping', 'Lidl', '2025-01-24 23:02:15'),
('EXP9977E3CF0E6046DF', 'UIDA1F3C4E9B23CDEF1', 1, 283.91, 'Clothing', 'Harvey Norman', '2025-07-31 07:27:37'),
('EXPDB03E870333248A1', 'UIDA1F3C4E9B23CDEF1', 1, 121.66, 'Subscription', 'Insomnia', '2025-12-07 16:07:46'),
('EXPCFC0B32EB85D4161', 'UIDA1F3C4E9B23CDEF1', 1, 169.62, 'Travel', 'Dunnes Stores', '2025-03-15 00:37:33'),
('EXPC4079796C6D14AD6', 'UIDA1F3C4E9B23CDEF1', 1, 138.99, 'Shopping', 'McDonalds', '2023-02-02 16:12:50'),
('EXPFAC3570D449641D8', 'UIDA1F3C4E9B23CDEF1', 1, 130.46, 'Bills', 'Tesco', '2023-04-21 06:48:50'),
('EXP06D97AFE883E4F99', 'UIDA1F3C4E9B23CDEF1', 1, 278.83, 'Rent', 'Currys', '2025-01-04 17:42:33'),
('EXPBCA3C69CFFCE4091', 'UIDA1F3C4E9B23CDEF1', 1, 217.33, 'Groceries', 'Irish Rail', '2025-10-12 02:35:10'),
('EXP3ECEC002281E4A50', 'UIDA1F3C4E9B23CDEF1', 1, 222.5, 'Clothing', 'Dunnes Stores', '2024-01-24 01:27:33'),
('EXP86EE3377A0944690', 'UIDA1F3C4E9B23CDEF1', 1, 253.11, 'Bills', 'Nandos', '2024-09-14 23:51:56'),
('EXPD0290849EA974A29', 'UIDA1F3C4E9B23CDEF1', 1, 484.98, 'Subscription', 'Tesco', '2024-05-02 04:02:05'),
('EXPC8F3DD658494407B', 'UIDA1F3C4E9B23CDEF1', 1, 300.41, 'Subscription', 'SuperValu', '2025-04-05 01:49:03'),
('EXP5D7F5716382A4A92', 'UIDA1F3C4E9B23CDEF1', 1, 481.17, 'Shopping', 'Nandos', '2023-10-16 16:03:24'),
('EXPC4CF402760DB417B', 'UIDA1F3C4E9B23CDEF1', 1, 52.62, 'Bills', 'Starbucks', '2023-07-06 05:41:48'),
('EXP74A4773FA04C4BEE', 'UIDA1F3C4E9B23CDEF1', 1, 300.16, 'Subscription', 'McDonalds', '2024-02-10 02:02:59'),
('EXP1C5C355B2EB14EED', 'UIDA1F3C4E9B23CDEF1', 1, 363.77, 'Bills', 'IKEA', '2024-09-06 19:57:57'),
('EXP6719C11C494F426F', 'UIDA1F3C4E9B23CDEF1', 1, 329.84, 'Rent', 'McDonalds', '2023-04-23 16:36:12'),
('EXP9D58E7EEBA0244FA', 'UIDA1F3C4E9B23CDEF1', 1, 318.16, 'Shopping', 'Lidl', '2025-04-15 04:27:48'),
('EXP481A137397A34C39', 'UIDA1F3C4E9B23CDEF1', 1, 147.3, 'Travel', 'SuperValu', '2023-04-17 20:43:33'),
('EXPE1F55391FAB34F04', 'UIDA1F3C4E9B23CDEF1', 1, 338.43, 'Electronics', 'IKEA', '2023-06-29 07:29:33'),
('EXP8B105CB5CF4E4722', 'UIDA1F3C4E9B23CDEF1', 1, 364.45, 'Bills', 'Irish Rail', '2025-09-12 06:06:17'),
('EXPFE2029D693824622', 'UIDA1F3C4E9B23CDEF1', 1, 223.32, 'Clothing', 'Tesco', '2023-01-06 12:11:34'),
('EXPD39F4C017D69403D', 'UIDA1F3C4E9B23CDEF1', 1, 82.79, 'Clothing', 'Aldi', '2024-11-17 08:49:18'),
('EXP60751CEEF50448FF', 'UIDA1F3C4E9B23CDEF1', 1, 225.29, 'Groceries', 'Lidl', '2023-04-27 21:17:39'),
('EXP612B55C1A2854F12', 'UIDA1F3C4E9B23CDEF1', 1, 195.03, 'Groceries', 'SuperValu', '2024-07-09 20:05:42'),
('EXP332F8ECC472C4C24', 'UIDA1F3C4E9B23CDEF1', 1, 139.77, 'Shopping', 'McDonalds', '2025-05-19 17:58:13'),
('EXPDA531D0D44504C30', 'UIDA1F3C4E9B23CDEF1', 1, 373.55, 'Travel', 'Insomnia', '2024-10-01 13:46:45'),
('EXP37940DFC8CD949A1', 'UIDA1F3C4E9B23CDEF1', 1, 411.96, 'Rent', 'McDonalds', '2024-04-19 02:20:24'),
('EXP396C921D98EB4A13', 'UIDA1F3C4E9B23CDEF1', 1, 177.57, 'Shopping', 'Insomnia', '2024-03-09 14:32:02'),
('EXPC706C3002B08468F', 'UIDA1F3C4E9B23CDEF1', 1, 264.51, 'Subscription', 'McDonalds', '2023-02-12 21:01:21'),
('EXP49AEECE2C550486D', 'UIDA1F3C4E9B23CDEF1', 1, 485.79, 'Electronics', 'Bus Eireann', '2024-02-17 09:18:12'),
('EXP479E5A90E44F4751', 'UIDA1F3C4E9B23CDEF1', 1, 306.35, 'Travel', 'Centra', '2024-05-02 06:44:16'),
('EXP735F96D2A4154366', 'UIDA1F3C4E9B23CDEF1', 1, 492.43, 'Shopping', 'Starbucks', '2025-06-14 16:45:37'),
('EXP42C094E705614973', 'UIDA1F3C4E9B23CDEF1', 1, 41.31, 'Appliances', 'Tesco', '2025-03-18 16:02:07'),
('EXP9FBC320F3E1F4114', 'UIDA1F3C4E9B23CDEF1', 1, 338.83, 'Travel', 'Bus Eireann', '2024-05-02 15:37:24'),
('EXPCF950C2CBCE54DC0', 'UIDA1F3C4E9B23CDEF1', 1, 79.82, 'Clothing', 'Harvey Norman', '2024-04-25 10:58:04'),
('EXP62882A9E9452416D', 'UIDA1F3C4E9B23CDEF1', 1, 176.57, 'Clothing', 'Harvey Norman', '2023-07-17 17:37:59'),
('EXPB8D1C066CD954786', 'UIDA1F3C4E9B23CDEF1', 1, 339.17, 'Appliances', 'Irish Rail', '2023-09-28 08:12:34'),
('EXPC0CFF701ED1C471A', 'UIDA1F3C4E9B23CDEF1', 1, 164.46, 'Subscription', 'Nandos', '2023-01-01 15:08:04'),
('EXPEB9DAF5BC52E4A2C', 'UIDA1F3C4E9B23CDEF1', 1, 120.89, 'Travel', 'Dunnes Stores', '2024-11-17 06:58:35'),
('EXP880819B7A41143BE', 'UIDA1F3C4E9B23CDEF1', 1, 122.58, 'Rent', 'Insomnia', '2023-09-21 14:33:13'),
('EXPD1CD8FD90E4045F2', 'UIDA1F3C4E9B23CDEF1', 1, 156.22, 'Travel', 'Lidl', '2023-12-31 20:32:09'),
('EXPB03D405BE0A94592', 'UIDA1F3C4E9B23CDEF1', 1, 127.83, 'Bills', 'Aldi', '2023-02-07 22:38:40'),
('EXPBA0EC0EC30D14C95', 'UIDA1F3C4E9B23CDEF1', 1, 492.29, 'Shopping', 'Dunnes Stores', '2024-10-05 19:28:50');

INSERT INTO expenses (expenses_id, user_id, payment_method_id, amount, purpose, spend_at, spend_time) VALUES
('EXP9F30BB6862C94140', 'UIDA1F3C4E9B23CDEF1', 1, 334.91, 'Groceries', 'SuperValu', '2023-06-15 13:51:44'),
('EXPD081F0BB1A6C4859', 'UIDA1F3C4E9B23CDEF1', 2, 19.07, 'Tips', 'Tesco', '2025-05-15 21:35:39'),
('EXP344918A88D0A49E6', 'UIDA1F3C4E9B23CDEF1', 1, 427.2, 'Rent', 'Aldi', '2024-12-22 19:09:19'),
('EXPE20D8E901D82445B', 'UIDA1F3C4E9B23CDEF1', 1, 494.19, 'Travel', 'Insomnia', '2024-11-18 12:19:59'),
('EXP8B3A2633D469462B', 'UIDA1F3C4E9B23CDEF1', 1, 365.25, 'Subscription', 'Starbucks', '2025-05-01 02:08:48'),
('EXP6AE6BBEBD4A94089', 'UIDA1F3C4E9B23CDEF1', 1, 96.4, 'Rent', 'Dunnes Stores', '2024-02-07 15:21:40'),
('EXP434393C58C33411A', 'UIDA1F3C4E9B23CDEF1', 2, 67.51, 'Taxi', 'Insomnia', '2025-03-20 19:27:56'),
('EXPC387001A3AA645FA', 'UIDA1F3C4E9B23CDEF1', 1, 134.84, 'Rent', 'Lidl', '2024-03-19 20:43:03'),
('EXP86C34FC34A6F48AD', 'UIDA1F3C4E9B23CDEF1', 1, 181.21, 'Subscription', 'Lidl', '2023-08-03 22:57:32'),
('EXPA274119D75644A43', 'UIDA1F3C4E9B23CDEF1', 1, 203.86, 'Electronics', 'Centra', '2023-11-29 08:44:29'),
('EXP880DD6EB2A1E4BFF', 'UIDA1F3C4E9B23CDEF1', 1, 215.65, 'Subscription', 'Dunnes Stores', '2024-10-07 21:11:13'),
('EXP3310FE2F18474623', 'UIDA1F3C4E9B23CDEF1', 1, 419.79, 'Appliances', 'SuperValu', '2025-06-26 08:03:31'),
('EXPFDADE654582A453F', 'UIDA1F3C4E9B23CDEF1', 2, 3.52, 'Parking', 'Dunnes Stores', '2023-01-10 03:49:18'),
('EXPE132739FC50F4183', 'UIDA1F3C4E9B23CDEF1', 2, 25.29, 'Parking', 'Nandos', '2024-10-12 22:14:44'),
('EXPC3B2FC0AC2F846E3', 'UIDA1F3C4E9B23CDEF1', 1, 372.62, 'Bills', 'Dunnes Stores', '2023-12-07 20:37:53'),
('EXPD93C30288AE34370', 'UIDA1F3C4E9B23CDEF1', 1, 253.11, 'Appliances', 'McDonalds', '2025-11-05 01:24:57'),
('EXP0C5FF7D4ABBD4A48', 'UIDA1F3C4E9B23CDEF1', 1, 214.07, 'Electronics', 'Nandos', '2024-12-27 01:34:03'),
('EXPD545AF7C69D24239', 'UIDA1F3C4E9B23CDEF1', 2, 78.5, 'Coffee', 'SuperValu', '2024-09-04 02:08:23'),
('EXPF7F2A2F3BC6D4928', 'UIDA1F3C4E9B23CDEF1', 1, 338.24, 'Shopping', 'Irish Rail', '2024-10-27 19:50:32'),
('EXP99F9E5568C184D2C', 'UIDA1F3C4E9B23CDEF1', 1, 241.62, 'Groceries', 'IKEA', '2024-08-11 22:00:59'),
('EXPDA53FD5404C440E6', 'UIDA1F3C4E9B23CDEF1', 1, 238.26, 'Travel', 'Insomnia', '2024-08-11 22:50:59'),
('EXPF9B26E54D0224E46', 'UIDA1F3C4E9B23CDEF1', 1, 476.58, 'Appliances', 'IKEA', '2023-05-08 05:41:08'),
('EXP1BC35C5EEFD147BA', 'UIDA1F3C4E9B23CDEF1', 1, 379.53, 'Groceries', 'McDonalds', '2023-12-15 07:36:29'),
('EXP93BE5439BF4C4D25', 'UIDA1F3C4E9B23CDEF1', 1, 394.99, 'Groceries', 'Insomnia', '2023-02-18 04:52:55'),
('EXP513A0924DC3D4612', 'UIDA1F3C4E9B23CDEF1', 2, 17.55, 'Coffee', 'Bus Eireann', '2023-08-25 17:13:32'),
('EXPE7F1E52828A34904', 'UIDA1F3C4E9B23CDEF1', 1, 247.31, 'Shopping', 'Bus Eireann', '2023-12-05 14:18:25'),
('EXP87CE5924AB0047B0', 'UIDA1F3C4E9B23CDEF1', 1, 143.0, 'Travel', 'Aldi', '2025-07-30 05:19:00'),
('EXPE2752A937F544137', 'UIDA1F3C4E9B23CDEF1', 1, 379.0, 'Shopping', 'Insomnia', '2023-09-12 09:37:54'),
('EXP14E648722FB74A81', 'UIDA1F3C4E9B23CDEF1', 2, 10.43, 'Coffee', 'SuperValu', '2024-04-29 14:36:32'),
('EXP4CDA6D587F2245CA', 'UIDA1F3C4E9B23CDEF1', 1, 455.85, 'Appliances', 'Starbucks', '2023-11-05 02:16:12'),
('EXP9B644FF0D4454F41', 'UIDA1F3C4E9B23CDEF1', 1, 351.49, 'Bills', 'Lidl', '2025-12-19 01:14:20'),
('EXP8504A0044AC04756', 'UIDA1F3C4E9B23CDEF1', 2, 68.32, 'Snacks', 'Insomnia', '2025-05-29 03:29:41'),
('EXP64B787921D154632', 'UIDA1F3C4E9B23CDEF1', 2, 29.08, 'Parking', 'Irish Rail', '2024-07-29 15:53:01'),
('EXP285117CFCE3D4D0C', 'UIDA1F3C4E9B23CDEF1', 1, 330.82, 'Groceries', 'Nandos', '2024-10-14 12:55:29'),
('EXP95E7695DB4AB4B9A', 'UIDA1F3C4E9B23CDEF1', 2, 10.23, 'Small Purchase', 'Irish Rail', '2024-12-15 04:19:30'),
('EXPF6CBB7DE95E54B82', 'UIDA1F3C4E9B23CDEF1', 2, 35.97, 'Taxi', 'Bus Eireann', '2025-04-16 00:32:24'),
('EXP39CD7B7107E74E30', 'UIDA1F3C4E9B23CDEF1', 2, 38.26, 'Taxi', 'McDonalds', '2024-01-17 08:43:23'),
('EXP1B94C6DA8C614800', 'UIDA1F3C4E9B23CDEF1', 2, 8.76, 'Tips', 'Currys', '2024-12-22 21:35:14'),
('EXP6639A0080E0B4416', 'UIDA1F3C4E9B23CDEF1', 1, 340.73, 'Travel', 'Tesco', '2025-02-06 21:04:55'),
('EXPC3BA31F9997949D4', 'UIDA1F3C4E9B23CDEF1', 2, 16.18, 'Transport', 'McDonalds', '2024-02-06 08:04:33'),
('EXPCA9A0105C0E44354', 'UIDA1F3C4E9B23CDEF1', 1, 442.55, 'Clothing', 'Harvey Norman', '2023-01-16 18:27:39'),
('EXPD9ECBCB2458A4ED5', 'UIDA1F3C4E9B23CDEF1', 1, 111.71, 'Bills', 'Centra', '2024-09-23 08:44:19'),
('EXPE10B18CF0F414A20', 'UIDA1F3C4E9B23CDEF1', 1, 383.92, 'Rent', 'Irish Rail', '2025-02-01 11:08:44'),
('EXP06B99FBB25254737', 'UIDA1F3C4E9B23CDEF1', 1, 28.28, 'Clothing', 'Currys', '2024-09-20 05:10:00'),
('EXPF635B7BCA2F9499E', 'UIDA1F3C4E9B23CDEF1', 1, 166.98, 'Travel', 'Dunnes Stores', '2025-05-09 18:58:02'),
('EXP3AFFD4C8E278464A', 'UIDA1F3C4E9B23CDEF1', 1, 224.24, 'Subscription', 'McDonalds', '2024-06-30 12:26:49'),
('EXP22537A0C9C904C31', 'UIDA1F3C4E9B23CDEF1', 2, 23.13, 'Taxi', 'Currys', '2023-07-07 10:22:38'),
('EXP6A27E1A174EF40AC', 'UIDA1F3C4E9B23CDEF1', 2, 26.61, 'Lunch', 'Currys', '2023-12-03 03:24:14'),
('EXP5E83091827164A57', 'UIDA1F3C4E9B23CDEF1', 2, 23.57, 'Taxi', 'Lidl', '2023-10-29 13:13:40'),
('EXP6D7021ABCC844751', 'UIDA1F3C4E9B23CDEF1', 1, 193.22, 'Clothing', 'Tesco', '2025-04-09 17:59:58'),
('EXP95E71C690B21474C', 'UIDA1F3C4E9B23CDEF1', 1, 41.85, 'Groceries', 'Harvey Norman', '2024-03-29 19:38:36'),
('EXPD231C51747F54AB8', 'UIDA1F3C4E9B23CDEF1', 1, 80.61, 'Rent', 'Lidl', '2023-01-20 01:17:14'),
('EXPB4F06D7418584D50', 'UIDA1F3C4E9B23CDEF1', 1, 245.31, 'Rent', 'McDonalds', '2023-10-14 09:34:32'),
('EXP04FF6515D06A4B0A', 'UIDA1F3C4E9B23CDEF1', 2, 21.69, 'Tips', 'Lidl', '2023-04-12 12:10:47'),
('EXPC9D2B071A6D84D0A', 'UIDA1F3C4E9B23CDEF1', 1, 55.56, 'Groceries', 'Aldi', '2023-08-20 18:29:20'),
('EXP80A7ABCC45634E83', 'UIDA1F3C4E9B23CDEF1', 2, 76.03, 'Snacks', 'Currys', '2023-07-04 00:11:39'),
('EXPD4B72E9CFEAD449F', 'UIDA1F3C4E9B23CDEF1', 1, 219.76, 'Bills', 'Insomnia', '2025-03-22 18:54:58'),
('EXP0E3A1F0FCE6A4804', 'UIDA1F3C4E9B23CDEF1', 1, 456.08, 'Clothing', 'Nandos', '2025-07-03 05:48:26'),
('EXP3A6667B2B5FB4225', 'UIDA1F3C4E9B23CDEF1', 2, 25.82, 'Coffee', 'Bus Eireann', '2023-06-04 03:41:44'),
('EXP56BCB1CD45244614', 'UIDA1F3C4E9B23CDEF1', 2, 18.21, 'Transport', 'IKEA', '2025-10-22 22:32:44'),
('EXP17D1E1B0426F4E31', 'UIDB2E4D5F8A67BC912', 3, 135.14, 'Subscription', 'Lidl', '2023-09-01 03:57:32'),
('EXPB803FD9F09254D6B', 'UIDB2E4D5F8A67BC912', 3, 236.24, 'Rent', 'IKEA', '2023-02-20 16:54:07'),
('EXP15C6432ED52840B7', 'UIDB2E4D5F8A67BC912', 3, 359.34, 'Rent', 'Lidl', '2025-12-03 19:34:02'),
('EXPB11BA05C2EB946FA', 'UIDB2E4D5F8A67BC912', 3, 146.99, 'Bills', 'Starbucks', '2023-06-28 07:10:14'),
('EXP078E8D0BE5564DC1', 'UIDB2E4D5F8A67BC912', 3, 330.86, 'Clothing', 'Nandos', '2023-08-09 22:57:11'),
('EXP477A569AD1AF488A', 'UIDB2E4D5F8A67BC912', 3, 99.64, 'Clothing', 'Bus Eireann', '2025-06-03 05:34:36'),
('EXP6AB6572015FD4A16', 'UIDB2E4D5F8A67BC912', 4, 36.25, 'Tips', 'Centra', '2024-04-17 09:20:28'),
('EXPFAB8C90DAAEB441E', 'UIDB2E4D5F8A67BC912', 3, 472.48, 'Subscription', 'Harvey Norman', '2025-02-06 02:01:12'),
('EXPC6B9297489154662', 'UIDB2E4D5F8A67BC912', 3, 307.06, 'Appliances', 'Centra', '2024-05-15 17:01:10'),
('EXP0F336A06C90C4B6F', 'UIDB2E4D5F8A67BC912', 3, 32.42, 'Bills', 'Irish Rail', '2025-06-12 12:58:37'),
('EXP2B5AC8FECED3469F', 'UIDB2E4D5F8A67BC912', 3, 29.96, 'Clothing', 'Bus Eireann', '2023-03-04 11:56:43'),
('EXP38AAD9B2A8C049E3', 'UIDB2E4D5F8A67BC912', 4, 15.66, 'Tips', 'SuperValu', '2024-03-08 02:25:43'),
('EXP5E6DB8BD46BC44C4', 'UIDB2E4D5F8A67BC912', 3, 300.96, 'Rent', 'Lidl', '2024-12-31 03:15:27'),
('EXP79A2FE00D8B74285', 'UIDB2E4D5F8A67BC912', 3, 179.99, 'Shopping', 'Nandos', '2023-09-07 19:59:06'),
('EXPE6A035AA40A749E9', 'UIDB2E4D5F8A67BC912', 3, 352.96, 'Clothing', 'Irish Rail', '2024-09-14 01:56:31'),
('EXP76A35209EC874252', 'UIDB2E4D5F8A67BC912', 4, 44.91, 'Tips', 'Lidl', '2024-05-03 14:02:58'),
('EXPF854C0402F714BD5', 'UIDB2E4D5F8A67BC912', 3, 75.64, 'Appliances', 'Nandos', '2025-03-10 09:32:19'),
('EXP9398A542F4A64E9C', 'UIDB2E4D5F8A67BC912', 4, 2.09, 'Tips', 'Starbucks', '2023-03-26 04:52:29'),
('EXPF1235F54614C46E1', 'UIDB2E4D5F8A67BC912', 3, 193.65, 'Rent', 'Irish Rail', '2024-11-17 16:28:52'),
('EXPB23DB164595A4887', 'UIDB2E4D5F8A67BC912', 4, 17.88, 'Lunch', 'SuperValu', '2024-03-23 10:30:17'),
('EXP8E5B381FA273491F', 'UIDB2E4D5F8A67BC912', 3, 355.16, 'Shopping', 'Tesco', '2025-09-05 16:55:58'),
('EXPFFBC7DDF55314AE8', 'UIDB2E4D5F8A67BC912', 3, 134.86, 'Electronics', 'IKEA', '2025-05-05 16:46:00'),
('EXP49098B238F2B47AE', 'UIDB2E4D5F8A67BC912', 3, 215.84, 'Bills', 'Nandos', '2023-06-26 06:08:13'),
('EXPD49881CA20F14F43', 'UIDB2E4D5F8A67BC912', 3, 76.38, 'Electronics', 'Dunnes Stores', '2024-03-29 09:23:15'),
('EXPE8CEEF7FFC4945D7', 'UIDB2E4D5F8A67BC912', 3, 151.24, 'Rent', 'Dunnes Stores', '2024-01-14 14:56:48'),
('EXP0E9D0E0145D84C25', 'UIDB2E4D5F8A67BC912', 3, 89.43, 'Bills', 'SuperValu', '2025-07-20 02:24:59'),
('EXP5773F188D5284611', 'UIDB2E4D5F8A67BC912', 3, 442.08, 'Shopping', 'IKEA', '2024-10-06 14:10:29'),
('EXPE083F871CA404031', 'UIDB2E4D5F8A67BC912', 3, 398.1, 'Clothing', 'Nandos', '2023-01-04 23:38:23'),
('EXP14570132DB9D44AD', 'UIDB2E4D5F8A67BC912', 3, 163.31, 'Rent', 'Nandos', '2023-08-19 20:02:19'),
('EXPD5C481CAC0D147B0', 'UIDB2E4D5F8A67BC912', 3, 252.48, 'Travel', 'Harvey Norman', '2025-04-24 04:32:28'),
('EXPB5DD6014A6E4404E', 'UIDB2E4D5F8A67BC912', 3, 467.77, 'Bills', 'Centra', '2024-01-06 23:18:57'),
('EXPC4DA1E8383FF4212', 'UIDB2E4D5F8A67BC912', 3, 132.11, 'Appliances', 'Tesco', '2024-05-09 06:28:23'),
('EXP3081F07F9EC74BD3', 'UIDB2E4D5F8A67BC912', 4, 57.01, 'Parking', 'Starbucks', '2025-10-28 00:06:46'),
('EXPD67E51C39DDF4BED', 'UIDB2E4D5F8A67BC912', 4, 52.86, 'Lunch', 'Dunnes Stores', '2023-02-27 12:11:28'),
('EXP386C78403A644143', 'UIDB2E4D5F8A67BC912', 3, 483.37, 'Travel', 'Nandos', '2023-06-05 21:51:48'),
('EXPB0A3C1E761DC4D5D', 'UIDB2E4D5F8A67BC912', 4, 36.34, 'Tips', 'Tesco', '2023-08-12 22:30:12'),
('EXP50CA88BE2BD54401', 'UIDB2E4D5F8A67BC912', 3, 334.3, 'Electronics', 'Lidl', '2024-12-30 07:52:41'),
('EXPBC66F89F72934320', 'UIDB2E4D5F8A67BC912', 4, 22.67, 'Parking', 'Irish Rail', '2023-05-05 18:22:19'),
('EXPD904B877F6694412', 'UIDB2E4D5F8A67BC912', 4, 68.48, 'Parking', 'McDonalds', '2025-08-31 16:46:01'),
('EXPBD81FFDAB6854C3B', 'UIDB2E4D5F8A67BC912', 4, 61.23, 'Coffee', 'Bus Eireann', '2023-04-17 06:54:37');

INSERT INTO expenses (expenses_id, user_id, payment_method_id, amount, purpose, spend_at, spend_time) VALUES
('EXPCDE5D9EC60494FBB', 'UIDB2E4D5F8A67BC912', 3, 348.51, 'Clothing', 'Currys', '2023-05-21 09:35:08'),
('EXP34740E9E352948CF', 'UIDB2E4D5F8A67BC912', 3, 67.25, 'Shopping', 'Dunnes Stores', '2023-09-16 10:31:43'),
('EXP31B5C133FCD548BF', 'UIDB2E4D5F8A67BC912', 3, 453.64, 'Groceries', 'McDonalds', '2023-03-29 04:16:35'),
('EXP9D0E161D1F534ED3', 'UIDB2E4D5F8A67BC912', 3, 199.92, 'Electronics', 'Currys', '2025-04-05 03:18:56'),
('EXPE875ABE1C22344C4', 'UIDB2E4D5F8A67BC912', 3, 347.26, 'Electronics', 'Aldi', '2023-09-29 23:03:31'),
('EXP12087DF36B5D4522', 'UIDB2E4D5F8A67BC912', 3, 438.0, 'Bills', 'Dunnes Stores', '2025-06-24 21:40:25'),
('EXPE246BAB83BAF4C63', 'UIDB2E4D5F8A67BC912', 3, 241.35, 'Clothing', 'Dunnes Stores', '2024-02-01 15:16:10'),
('EXP5371718C50DD427E', 'UIDB2E4D5F8A67BC912', 3, 451.48, 'Rent', 'SuperValu', '2024-03-22 19:41:08'),
('EXPF865C34FD34E4B22', 'UIDB2E4D5F8A67BC912', 3, 95.83, 'Rent', 'McDonalds', '2025-07-01 18:15:39'),
('EXPFA3080741BF14286', 'UIDB2E4D5F8A67BC912', 3, 481.77, 'Clothing', 'Dunnes Stores', '2024-04-14 07:54:44'),
('EXPC30845DE5F56441B', 'UIDB2E4D5F8A67BC912', 3, 204.65, 'Rent', 'Lidl', '2024-01-04 11:40:10'),
('EXP488C1917F1084C9D', 'UIDB2E4D5F8A67BC912', 3, 192.3, 'Clothing', 'Centra', '2024-04-03 15:00:01'),
('EXPE4DAD40419C44808', 'UIDB2E4D5F8A67BC912', 3, 418.42, 'Appliances', 'IKEA', '2023-01-13 13:54:50'),
('EXPCB6D6E11C1444AE2', 'UIDB2E4D5F8A67BC912', 3, 349.18, 'Groceries', 'SuperValu', '2025-07-31 00:28:21'),
('EXP748E7415C8484AC4', 'UIDB2E4D5F8A67BC912', 4, 66.96, 'Taxi', 'Insomnia', '2023-12-24 11:26:07'),
('EXP674FBC06B14C4BF8', 'UIDB2E4D5F8A67BC912', 3, 189.11, 'Bills', 'Bus Eireann', '2024-01-25 08:02:39'),
('EXP4D82C77CF8CE4487', 'UIDB2E4D5F8A67BC912', 3, 366.05, 'Electronics', 'Irish Rail', '2023-05-31 22:32:01'),
('EXPB3CF5F4AE7744211', 'UIDB2E4D5F8A67BC912', 4, 52.41, 'Taxi', 'Insomnia', '2024-11-15 19:04:47'),
('EXPDFBE2CEEB547457E', 'UIDB2E4D5F8A67BC912', 3, 195.13, 'Electronics', 'Lidl', '2024-04-03 10:30:54'),
('EXP4769B2B744BD4B17', 'UIDB2E4D5F8A67BC912', 3, 219.44, 'Bills', 'Aldi', '2025-04-17 22:34:43'),
('EXPF8F3E5DB76C94AC4', 'UIDB2E4D5F8A67BC912', 4, 30.54, 'Taxi', 'Nandos', '2023-09-13 14:39:38'),
('EXP25C41015CB2D4038', 'UIDB2E4D5F8A67BC912', 3, 415.85, 'Rent', 'Insomnia', '2024-04-03 11:40:14'),
('EXP703B4D3E3C1C49F9', 'UIDB2E4D5F8A67BC912', 4, 28.42, 'Snacks', 'Dunnes Stores', '2023-04-27 23:21:49'),
('EXP0ECE39C3941A48B9', 'UIDB2E4D5F8A67BC912', 3, 483.92, 'Appliances', 'Nandos', '2025-05-15 18:07:13'),
('EXP96E6FB26A0FB4505', 'UIDB2E4D5F8A67BC912', 3, 399.53, 'Groceries', 'IKEA', '2025-04-13 12:51:56'),
('EXP57906DDC890D45F8', 'UIDB2E4D5F8A67BC912', 3, 196.92, 'Clothing', 'Bus Eireann', '2024-08-14 21:39:36'),
('EXPD687DF6073044761', 'UIDB2E4D5F8A67BC912', 4, 75.34, 'Snacks', 'Irish Rail', '2023-12-30 05:30:44'),
('EXPE91F6D55E3CE4886', 'UIDB2E4D5F8A67BC912', 3, 317.38, 'Subscription', 'McDonalds', '2025-08-05 17:30:46'),
('EXP13668F6DA0A94895', 'UIDB2E4D5F8A67BC912', 3, 50.34, 'Rent', 'SuperValu', '2025-12-25 02:03:04'),
('EXP5958E5F57EB643AD', 'UIDB2E4D5F8A67BC912', 3, 215.98, 'Electronics', 'Tesco', '2023-02-27 19:22:07'),
('EXP77C498508F854481', 'UIDB2E4D5F8A67BC912', 3, 256.46, 'Shopping', 'Currys', '2025-04-15 01:11:24'),
('EXPEEBCFCDD78FA4A0A', 'UIDB2E4D5F8A67BC912', 3, 237.75, 'Subscription', 'Starbucks', '2025-07-01 09:38:06'),
('EXP7FC865BD002A43B4', 'UIDB2E4D5F8A67BC912', 4, 14.05, 'Parking', 'Irish Rail', '2023-06-03 19:47:38'),
('EXPF831CB98539E464C', 'UIDB2E4D5F8A67BC912', 4, 50.02, 'Taxi', 'Tesco', '2025-12-08 07:31:42'),
('EXP5C01372AC66E43FA', 'UIDB2E4D5F8A67BC912', 3, 232.82, 'Bills', 'Nandos', '2024-07-17 09:54:56'),
('EXP8972BB78A26A4DB0', 'UIDB2E4D5F8A67BC912', 3, 349.13, 'Subscription', 'SuperValu', '2025-09-28 16:53:09'),
('EXPEE6B97FA88FC43F5', 'UIDB2E4D5F8A67BC912', 3, 211.11, 'Bills', 'Lidl', '2024-12-07 09:05:32'),
('EXPBDFD75A8637B4A22', 'UIDB2E4D5F8A67BC912', 3, 121.81, 'Groceries', 'Tesco', '2024-06-02 02:07:21'),
('EXPA271C085539A4451', 'UIDB2E4D5F8A67BC912', 3, 80.44, 'Bills', 'Lidl', '2025-05-10 22:21:50'),
('EXPE5C2ABEAEC4145CC', 'UIDB2E4D5F8A67BC912', 3, 123.66, 'Bills', 'McDonalds', '2023-08-18 05:13:06'),
('EXP9C4C7EB5703E405E', 'UIDB2E4D5F8A67BC912', 4, 48.49, 'Taxi', 'Nandos', '2023-08-13 18:21:31'),
('EXP2FE0452657084405', 'UIDB2E4D5F8A67BC912', 4, 44.14, 'Lunch', 'Lidl', '2025-10-23 22:00:54'),
('EXP864A81C60130476A', 'UIDB2E4D5F8A67BC912', 4, 12.28, 'Small Purchase', 'Insomnia', '2024-01-05 14:43:59'),
('EXP0F87FD463F014584', 'UIDB2E4D5F8A67BC912', 3, 27.57, 'Clothing', 'Tesco', '2023-07-16 21:54:03'),
('EXP6894A3A151194DDB', 'UIDB2E4D5F8A67BC912', 4, 43.03, 'Snacks', 'Dunnes Stores', '2024-11-27 08:54:40'),
('EXP5F9770E7A0D54C43', 'UIDB2E4D5F8A67BC912', 4, 42.03, 'Snacks', 'Dunnes Stores', '2025-02-21 16:28:04'),
('EXP5E91EEF3A0F04F1C', 'UIDB2E4D5F8A67BC912', 3, 315.25, 'Subscription', 'IKEA', '2024-12-12 13:03:46'),
('EXP2D9D7D84A792492F', 'UIDB2E4D5F8A67BC912', 3, 34.95, 'Rent', 'Nandos', '2024-09-15 21:22:35'),
('EXPA6E581B96AEF40E2', 'UIDB2E4D5F8A67BC912', 3, 71.82, 'Rent', 'Lidl', '2023-05-06 12:05:14'),
('EXP44D11EE50ED347DD', 'UIDB2E4D5F8A67BC912', 3, 91.2, 'Electronics', 'IKEA', '2025-08-27 20:14:35'),
('EXP68B32BCA0EE14617', 'UIDB2E4D5F8A67BC912', 3, 283.21, 'Travel', 'Starbucks', '2025-07-17 00:22:57'),
('EXPA51556A11C8D441E', 'UIDB2E4D5F8A67BC912', 3, 237.78, 'Appliances', 'Lidl', '2025-12-26 04:13:59'),
('EXP8FF2EECA39B14437', 'UIDB2E4D5F8A67BC912', 3, 334.26, 'Subscription', 'Centra', '2023-12-01 00:38:27'),
('EXPA85190E6ED8C482F', 'UIDB2E4D5F8A67BC912', 3, 446.28, 'Appliances', 'McDonalds', '2024-12-05 11:39:52'),
('EXPB7B35A2AEA1443DD', 'UIDB2E4D5F8A67BC912', 3, 370.21, 'Travel', 'Starbucks', '2024-04-30 11:43:23'),
('EXP85EC4EB450904055', 'UIDB2E4D5F8A67BC912', 3, 199.66, 'Electronics', 'Irish Rail', '2025-01-06 17:59:18'),
('EXPE21C40A3955249BD', 'UIDB2E4D5F8A67BC912', 3, 419.25, 'Shopping', 'Starbucks', '2023-05-31 00:10:58'),
('EXP4869E42D0280456F', 'UIDB2E4D5F8A67BC912', 4, 31.07, 'Lunch', 'Harvey Norman', '2023-04-04 04:15:10'),
('EXP0C8F81D4CAC64D65', 'UIDB2E4D5F8A67BC912', 3, 289.56, 'Travel', 'Irish Rail', '2023-07-09 21:06:45'),
('EXP739169ECE1FE47BC', 'UIDB2E4D5F8A67BC912', 3, 439.33, 'Appliances', 'Nandos', '2023-03-21 22:02:55'),
('EXPA884F4667B5043C3', 'UIDB2E4D5F8A67BC912', 4, 48.83, 'Small Purchase', 'Lidl', '2025-06-16 18:21:50'),
('EXPC8743B1BBA4C4BB5', 'UIDB2E4D5F8A67BC912', 3, 94.27, 'Rent', 'Currys', '2023-06-18 02:40:25'),
('EXP5C9B1E071AEE4C53', 'UIDB2E4D5F8A67BC912', 3, 287.01, 'Shopping', 'Insomnia', '2024-03-08 17:46:32'),
('EXP6926509207AE4F24', 'UIDB2E4D5F8A67BC912', 3, 407.47, 'Subscription', 'Insomnia', '2025-08-23 19:32:36'),
('EXP4B98BA69DD1C44E7', 'UIDB2E4D5F8A67BC912', 3, 328.5, 'Groceries', 'Bus Eireann', '2025-10-18 21:43:32'),
('EXPC29DB1D7C5E34687', 'UIDB2E4D5F8A67BC912', 4, 22.86, 'Lunch', 'IKEA', '2025-12-27 14:30:32'),
('EXP6B813ACB125B4737', 'UIDB2E4D5F8A67BC912', 4, 73.88, 'Small Purchase', 'Tesco', '2023-10-09 19:17:21'),
('EXP322B2E009F3C4288', 'UIDB2E4D5F8A67BC912', 4, 46.17, 'Parking', 'Lidl', '2023-08-09 09:28:13'),
('EXP3F1FBF17377F4222', 'UIDB2E4D5F8A67BC912', 4, 77.8, 'Snacks', 'Centra', '2025-04-04 01:49:41'),
('EXP38CF45057B6F4190', 'UIDB2E4D5F8A67BC912', 3, 221.52, 'Travel', 'Aldi', '2024-07-28 20:34:45'),
('EXPE7028E80325F456C', 'UIDB2E4D5F8A67BC912', 3, 175.7, 'Shopping', 'SuperValu', '2023-03-23 17:23:57'),
('EXP212A4D88E29841EC', 'UIDB2E4D5F8A67BC912', 3, 382.13, 'Groceries', 'Irish Rail', '2023-05-07 17:34:47'),
('EXPA4E100797E5F4FD2', 'UIDB2E4D5F8A67BC912', 3, 337.73, 'Rent', 'Bus Eireann', '2024-11-17 16:36:06'),
('EXPFCF42C212AE5475A', 'UIDB2E4D5F8A67BC912', 3, 123.47, 'Subscription', 'Lidl', '2024-06-20 04:58:36'),
('EXPFD7D9451AF4D4B67', 'UIDB2E4D5F8A67BC912', 3, 155.96, 'Rent', 'Harvey Norman', '2025-11-02 08:30:16'),
('EXP5DB6DE74CB6E47A0', 'UIDB2E4D5F8A67BC912', 3, 125.85, 'Groceries', 'Tesco', '2023-11-14 13:26:47'),
('EXP3B11D91AAF7B48A3', 'UIDB2E4D5F8A67BC912', 3, 121.39, 'Electronics', 'Insomnia', '2024-02-01 22:27:27'),
('EXPAA15F1997AA643DF', 'UIDB2E4D5F8A67BC912', 3, 77.59, 'Rent', 'Centra', '2024-10-30 23:58:57'),
('EXP73B47C5BE96E45DD', 'UIDB2E4D5F8A67BC912', 3, 202.5, 'Bills', 'Harvey Norman', '2025-05-17 22:43:27'),
('EXPCE4BE56AC2924BB1', 'UIDB2E4D5F8A67BC912', 4, 64.88, 'Snacks', 'Starbucks', '2023-03-07 17:08:33'),
('EXPEA560B88BA9540D7', 'UIDB2E4D5F8A67BC912', 3, 240.68, 'Shopping', 'Nandos', '2024-05-01 07:44:46'),
('EXP4A39D8010F1549B6', 'UIDB2E4D5F8A67BC912', 3, 295.23, 'Appliances', 'IKEA', '2023-06-28 21:58:28'),
('EXPAAF31329AF754169', 'UIDB2E4D5F8A67BC912', 3, 483.78, 'Electronics', 'Insomnia', '2025-08-18 05:22:48'),
('EXPC49CDAD4BD3A42D0', 'UIDB2E4D5F8A67BC912', 3, 351.01, 'Travel', 'Lidl', '2024-11-09 09:47:42'),
('EXP48E4A58C54FF4B6B', 'UIDB2E4D5F8A67BC912', 4, 20.98, 'Parking', 'Harvey Norman', '2023-05-03 04:10:33'),
('EXP474BAAEE67B645E4', 'UIDB2E4D5F8A67BC912', 3, 168.93, 'Travel', 'Currys', '2024-06-01 09:41:53'),
('EXP82CD92984A414C07', 'UIDB2E4D5F8A67BC912', 4, 7.96, 'Snacks', 'Harvey Norman', '2025-03-03 04:23:27'),
('EXP351428E58715408D', 'UIDB2E4D5F8A67BC912', 3, 392.59, 'Travel', 'Centra', '2025-09-29 15:51:29'),
('EXP132A61AA63144046', 'UIDB2E4D5F8A67BC912', 4, 20.43, 'Lunch', 'IKEA', '2023-11-03 10:49:33'),
('EXP9F226F077ACF4283', 'UIDB2E4D5F8A67BC912', 3, 93.38, 'Shopping', 'Aldi', '2025-09-02 11:37:37'),
('EXPD8D838D2073E4F91', 'UIDB2E4D5F8A67BC912', 3, 382.13, 'Rent', 'Irish Rail', '2025-05-26 21:46:44'),
('EXPDCEA2DC4DF4F4E6B', 'UIDB2E4D5F8A67BC912', 3, 493.54, 'Travel', 'Nandos', '2025-09-01 08:21:35'),
('EXPFAF03ADA78734046', 'UIDB2E4D5F8A67BC912', 3, 231.09, 'Rent', 'Dunnes Stores', '2025-09-07 19:44:36'),
('EXPAE33A14E707849DC', 'UIDB2E4D5F8A67BC912', 3, 151.84, 'Groceries', 'McDonalds', '2025-02-27 02:53:24'),
('EXP14E8C26696AE4B49', 'UIDB2E4D5F8A67BC912', 3, 241.64, 'Groceries', 'Tesco', '2024-07-26 19:32:02'),
('EXPEFC18613EE4E4BDB', 'UIDB2E4D5F8A67BC912', 4, 7.99, 'Snacks', 'Bus Eireann', '2025-07-11 20:54:03'),
('EXP20AC8845799E4644', 'UIDB2E4D5F8A67BC912', 3, 242.1, 'Subscription', 'Insomnia', '2023-03-05 17:26:15'),
('EXP202BCD2C1F814B4F', 'UIDB2E4D5F8A67BC912', 3, 408.71, 'Bills', 'McDonalds', '2025-07-28 20:15:08'),
('EXPCA7CA283B3804F9B', 'UIDB2E4D5F8A67BC912', 3, 92.41, 'Groceries', 'Dunnes Stores', '2023-06-10 18:49:46'),
('EXP3AA59D6DAF94492E', 'UIDB2E4D5F8A67BC912', 4, 67.32, 'Snacks', 'Harvey Norman', '2025-09-30 17:21:50');

INSERT INTO expenses (expenses_id, user_id, payment_method_id, amount, purpose, spend_at, spend_time) VALUES
('EXP0DF1E2DEB17B4335', 'UIDB2E4D5F8A67BC912', 3, 138.92, 'Rent', 'Dunnes Stores', '2025-03-25 02:41:30'),
('EXP8784F5353642455A', 'UIDB2E4D5F8A67BC912', 3, 96.2, 'Travel', 'SuperValu', '2024-03-15 11:02:13'),
('EXP61749AC8E5544B35', 'UIDB2E4D5F8A67BC912', 3, 391.74, 'Groceries', 'Insomnia', '2025-09-07 01:09:22'),
('EXP7E0C1272E8314B44', 'UIDB2E4D5F8A67BC912', 3, 51.64, 'Shopping', 'Harvey Norman', '2025-11-19 19:48:54'),
('EXP10C942E4A03C4825', 'UIDB2E4D5F8A67BC912', 3, 140.96, 'Electronics', 'McDonalds', '2023-05-07 14:36:51'),
('EXPF303333DBE134F2B', 'UIDB2E4D5F8A67BC912', 3, 87.89, 'Travel', 'IKEA', '2025-10-16 03:29:33'),
('EXP941CD572E0814675', 'UIDB2E4D5F8A67BC912', 3, 208.14, 'Shopping', 'IKEA', '2025-05-18 06:07:30'),
('EXP01FA2201C5394B36', 'UIDB2E4D5F8A67BC912', 3, 400.0, 'Electronics', 'Irish Rail', '2025-12-27 19:26:02'),
('EXP6B8AE27FE49C4F8B', 'UIDB2E4D5F8A67BC912', 4, 59.62, 'Snacks', 'Irish Rail', '2025-11-07 12:24:46'),
('EXP4126E7B9DDF442E9', 'UIDB2E4D5F8A67BC912', 3, 193.68, 'Travel', 'IKEA', '2023-10-08 00:41:19'),
('EXP9FE2F604D256454A', 'UIDB2E4D5F8A67BC912', 4, 28.66, 'Tips', 'Currys', '2023-12-18 22:08:12'),
('EXPE8B520385A4F407E', 'UIDB2E4D5F8A67BC912', 4, 14.09, 'Taxi', 'Nandos', '2023-06-07 02:48:03'),
('EXP49A6FB0EA387400D', 'UIDB2E4D5F8A67BC912', 3, 279.09, 'Subscription', 'Tesco', '2025-10-25 06:30:38'),
('EXP7ECBED3CB03348C3', 'UIDB2E4D5F8A67BC912', 3, 387.83, 'Electronics', 'Bus Eireann', '2024-08-08 05:08:05'),
('EXPEB45E7DA59E84683', 'UIDB2E4D5F8A67BC912', 3, 106.81, 'Electronics', 'Centra', '2024-11-10 21:38:50'),
('EXP51A4EE6A5E6A4DFB', 'UIDB2E4D5F8A67BC912', 3, 194.86, 'Bills', 'Dunnes Stores', '2025-08-06 12:38:50'),
('EXPC734A4FE94E440B6', 'UIDB2E4D5F8A67BC912', 3, 379.3, 'Rent', 'Currys', '2025-04-09 13:22:43'),
('EXP15F56ED6F2B740DF', 'UIDB2E4D5F8A67BC912', 3, 483.49, 'Rent', 'SuperValu', '2023-10-29 09:26:50'),
('EXP14638C6B4B054DA9', 'UIDB2E4D5F8A67BC912', 3, 474.62, 'Rent', 'Dunnes Stores', '2024-03-13 17:12:41'),
('EXPF28E4C324D094DB8', 'UIDB2E4D5F8A67BC912', 4, 41.23, 'Parking', 'Aldi', '2023-11-07 05:16:15'),
('EXP5EC42F29078342C9', 'UIDC3D5E6A9F45AB823', 6, 12.8, 'Taxi', 'Tesco', '2025-09-23 00:53:13'),
('EXPB898BDDBEBC7478B', 'UIDC3D5E6A9F45AB823', 5, 198.18, 'Shopping', 'Centra', '2025-03-12 10:29:45'),
('EXP5344F5A512E14CD5', 'UIDC3D5E6A9F45AB823', 6, 24.23, 'Lunch', 'IKEA', '2024-11-28 23:50:04'),
('EXP1241BBC387FA4CA0', 'UIDC3D5E6A9F45AB823', 6, 13.49, 'Parking', 'Lidl', '2023-12-11 22:10:36'),
('EXPBBC5EC28410147E5', 'UIDC3D5E6A9F45AB823', 6, 71.0, 'Coffee', 'Starbucks', '2023-03-24 17:33:38'),
('EXP1785B8A3DC6E473A', 'UIDC3D5E6A9F45AB823', 5, 199.5, 'Appliances', 'Lidl', '2024-08-05 09:45:27'),
('EXP56A4344E60D1478A', 'UIDC3D5E6A9F45AB823', 5, 172.97, 'Shopping', 'Nandos', '2025-10-06 16:17:26'),
('EXP4736A942BB494426', 'UIDC3D5E6A9F45AB823', 5, 90.1, 'Groceries', 'IKEA', '2025-01-03 22:23:47'),
('EXPE654A2846363412E', 'UIDC3D5E6A9F45AB823', 5, 86.62, 'Rent', 'Dunnes Stores', '2025-08-13 21:50:45'),
('EXP7392BDF2AED149F2', 'UIDC3D5E6A9F45AB823', 5, 58.03, 'Clothing', 'Currys', '2023-08-21 06:29:43'),
('EXP2FF810D6CE8245F3', 'UIDC3D5E6A9F45AB823', 5, 369.07, 'Subscription', 'Starbucks', '2023-06-22 17:20:47'),
('EXP0BAEDB02CAA14E62', 'UIDC3D5E6A9F45AB823', 6, 20.54, 'Snacks', 'Tesco', '2024-01-06 09:40:08'),
('EXPDEAB33EDAE584EFE', 'UIDC3D5E6A9F45AB823', 5, 401.07, 'Rent', 'Lidl', '2023-06-22 05:04:54'),
('EXP1BEE6C7B995C4F5E', 'UIDC3D5E6A9F45AB823', 6, 40.99, 'Coffee', 'Irish Rail', '2025-03-11 14:35:59'),
('EXP9F9D4DDA83B64BAC', 'UIDC3D5E6A9F45AB823', 5, 364.9, 'Clothing', 'Starbucks', '2023-01-03 10:19:21'),
('EXP595B20D943744EDD', 'UIDC3D5E6A9F45AB823', 5, 135.47, 'Appliances', 'Aldi', '2025-10-29 01:33:26'),
('EXP5A7108C301114817', 'UIDC3D5E6A9F45AB823', 5, 271.27, 'Travel', 'Lidl', '2025-03-28 04:55:03'),
('EXP64B4E7C212814D3C', 'UIDC3D5E6A9F45AB823', 5, 397.48, 'Subscription', 'Harvey Norman', '2023-02-01 14:07:04'),
('EXP735980981B7B4FB1', 'UIDC3D5E6A9F45AB823', 5, 245.66, 'Appliances', 'McDonalds', '2024-01-30 00:46:01'),
('EXPB670D8518AD54327', 'UIDC3D5E6A9F45AB823', 6, 29.85, 'Snacks', 'McDonalds', '2024-01-10 13:49:33'),
('EXP518C00F4387F47FD', 'UIDC3D5E6A9F45AB823', 6, 51.0, 'Small Purchase', 'Aldi', '2023-03-10 20:57:15'),
('EXP48CAF2C2545A4AEC', 'UIDC3D5E6A9F45AB823', 5, 182.5, 'Electronics', 'Nandos', '2025-11-29 14:48:58'),
('EXP85C88754BA944869', 'UIDC3D5E6A9F45AB823', 5, 353.79, 'Electronics', 'Insomnia', '2023-07-29 11:40:07'),
('EXP63E99306E121438F', 'UIDC3D5E6A9F45AB823', 5, 392.57, 'Rent', 'Tesco', '2024-03-31 20:19:55'),
('EXP5B4811021F724C06', 'UIDC3D5E6A9F45AB823', 5, 399.73, 'Groceries', 'McDonalds', '2024-04-26 16:28:00'),
('EXP18AE5BBE7EC042FA', 'UIDC3D5E6A9F45AB823', 5, 494.78, 'Subscription', 'Dunnes Stores', '2024-01-29 12:13:18'),
('EXP97AF61A51EE84CD5', 'UIDC3D5E6A9F45AB823', 5, 330.51, 'Clothing', 'McDonalds', '2023-03-16 06:15:48'),
('EXP6E8759BD80CC4FDF', 'UIDC3D5E6A9F45AB823', 6, 27.89, 'Snacks', 'Insomnia', '2024-07-25 16:44:57'),
('EXPCFC2A73F71B443EF', 'UIDC3D5E6A9F45AB823', 5, 212.01, 'Rent', 'SuperValu', '2024-08-23 15:09:42'),
('EXP2DE3BFF247EA4E0C', 'UIDC3D5E6A9F45AB823', 5, 109.67, 'Rent', 'McDonalds', '2025-03-17 16:00:25'),
('EXP42650E05849646D8', 'UIDC3D5E6A9F45AB823', 5, 59.65, 'Appliances', 'Lidl', '2024-10-30 22:11:53'),
('EXP940DD5CB33004D11', 'UIDC3D5E6A9F45AB823', 5, 414.72, 'Subscription', 'IKEA', '2024-05-13 23:37:48'),
('EXP08FACE0C5B8847A6', 'UIDC3D5E6A9F45AB823', 5, 177.4, 'Clothing', 'IKEA', '2024-11-23 16:56:40'),
('EXP0A511788747B4C5B', 'UIDC3D5E6A9F45AB823', 5, 224.54, 'Rent', 'McDonalds', '2024-11-25 14:12:07'),
('EXPAA907E7E93974159', 'UIDC3D5E6A9F45AB823', 5, 437.62, 'Travel', 'Bus Eireann', '2024-11-06 15:45:26'),
('EXPBFAC75E69F6744DB', 'UIDC3D5E6A9F45AB823', 5, 490.41, 'Groceries', 'Lidl', '2025-11-08 15:32:56'),
('EXPCBAA44EE71F44A50', 'UIDC3D5E6A9F45AB823', 5, 194.39, 'Electronics', 'Tesco', '2023-08-10 19:12:15'),
('EXP98BCE9BEDFDA466F', 'UIDC3D5E6A9F45AB823', 6, 54.89, 'Tips', 'Tesco', '2023-07-16 02:11:47'),
('EXP7CCB65B58ECA4C76', 'UIDC3D5E6A9F45AB823', 5, 393.69, 'Travel', 'McDonalds', '2024-08-17 17:50:47'),
('EXP410198FE55D0437D', 'UIDC3D5E6A9F45AB823', 6, 4.53, 'Lunch', 'Irish Rail', '2024-11-29 22:19:44'),
('EXP17627EA2F0FE4FE0', 'UIDC3D5E6A9F45AB823', 6, 31.02, 'Snacks', 'Bus Eireann', '2023-08-02 21:38:44'),
('EXPE7FBD55877214CC1', 'UIDC3D5E6A9F45AB823', 5, 211.06, 'Clothing', 'Currys', '2023-06-26 05:40:15'),
('EXP252346DD0FAC44A0', 'UIDC3D5E6A9F45AB823', 5, 109.3, 'Subscription', 'Starbucks', '2025-05-22 12:40:35'),
('EXP2F70424974084735', 'UIDC3D5E6A9F45AB823', 5, 391.98, 'Rent', 'Currys', '2025-08-08 12:26:05'),
('EXPA093EF0853F141AD', 'UIDC3D5E6A9F45AB823', 5, 459.91, 'Rent', 'Currys', '2023-07-10 12:15:16'),
('EXPAEF36645D651480D', 'UIDC3D5E6A9F45AB823', 5, 55.54, 'Electronics', 'SuperValu', '2024-11-22 10:56:52'),
('EXP3AEC1FCADEFE4A4D', 'UIDC3D5E6A9F45AB823', 6, 65.22, 'Small Purchase', 'Irish Rail', '2024-06-23 16:57:13'),
('EXPF88F495E303F4EC8', 'UIDC3D5E6A9F45AB823', 6, 44.9, 'Taxi', 'SuperValu', '2024-04-10 23:11:43'),
('EXP85428534DFDE447B', 'UIDC3D5E6A9F45AB823', 6, 57.52, 'Lunch', 'Insomnia', '2024-07-15 13:24:19'),
('EXPDC2D989DF8694EE0', 'UIDC3D5E6A9F45AB823', 5, 78.25, 'Bills', 'Insomnia', '2023-08-04 17:42:18'),
('EXPDFF94EB7D83146B2', 'UIDC3D5E6A9F45AB823', 5, 257.13, 'Travel', 'Harvey Norman', '2025-06-08 00:02:53'),
('EXPA65E634702434257', 'UIDC3D5E6A9F45AB823', 5, 405.76, 'Subscription', 'Aldi', '2025-08-08 15:05:18'),
('EXPB7D8CB3836834401', 'UIDC3D5E6A9F45AB823', 6, 7.13, 'Parking', 'Centra', '2025-01-13 13:55:43'),
('EXP8A5F365B11DA428F', 'UIDC3D5E6A9F45AB823', 5, 389.2, 'Shopping', 'Aldi', '2024-05-07 11:38:53'),
('EXPD922780BE8174A4F', 'UIDC3D5E6A9F45AB823', 5, 235.99, 'Subscription', 'McDonalds', '2023-07-19 08:39:39'),
('EXP662215AEC4FE4BE0', 'UIDC3D5E6A9F45AB823', 6, 62.86, 'Lunch', 'Insomnia', '2023-07-20 10:41:50'),
('EXPAB01FAECC4934529', 'UIDC3D5E6A9F45AB823', 5, 457.14, 'Groceries', 'Nandos', '2023-07-12 21:03:43'),
('EXPCBDD21322DCF494E', 'UIDC3D5E6A9F45AB823', 5, 165.98, 'Electronics', 'McDonalds', '2023-12-17 06:08:29'),
('EXP890F4515774349C7', 'UIDC3D5E6A9F45AB823', 5, 471.63, 'Clothing', 'Nandos', '2023-05-03 12:06:37'),
('EXP59E61F68E87544C8', 'UIDC3D5E6A9F45AB823', 5, 324.83, 'Subscription', 'IKEA', '2023-07-14 10:41:12'),
('EXPB01D32B58FDF4EDC', 'UIDC3D5E6A9F45AB823', 5, 314.93, 'Shopping', 'Harvey Norman', '2025-09-22 17:44:36'),
('EXP2D91E5D7802F4A70', 'UIDC3D5E6A9F45AB823', 5, 471.97, 'Electronics', 'Aldi', '2025-10-20 07:20:29'),
('EXP2C942F8495B34466', 'UIDC3D5E6A9F45AB823', 5, 452.96, 'Travel', 'Nandos', '2025-05-25 13:12:12'),
('EXP2DCF1D4974B1429A', 'UIDC3D5E6A9F45AB823', 5, 434.61, 'Shopping', 'Tesco', '2025-09-23 11:07:42'),
('EXPAFDEB9AA0F8A4171', 'UIDC3D5E6A9F45AB823', 6, 22.64, 'Transport', 'Insomnia', '2025-06-07 18:49:15'),
('EXPB55963F257384FB9', 'UIDC3D5E6A9F45AB823', 5, 326.72, 'Rent', 'SuperValu', '2025-09-01 06:22:08'),
('EXP81B64C212E784E63', 'UIDC3D5E6A9F45AB823', 5, 328.12, 'Clothing', 'Dunnes Stores', '2024-01-16 09:42:36'),
('EXP32F1C11F21E04DF7', 'UIDC3D5E6A9F45AB823', 6, 55.43, 'Taxi', 'Dunnes Stores', '2023-04-24 08:37:53'),
('EXP9AABB888D30340B8', 'UIDC3D5E6A9F45AB823', 5, 95.88, 'Appliances', 'Dunnes Stores', '2024-12-22 11:39:31'),
('EXPA56F9ADEAD944DAF', 'UIDC3D5E6A9F45AB823', 5, 311.2, 'Travel', 'Nandos', '2024-05-11 00:58:40'),
('EXP0EA8A600E80040C0', 'UIDC3D5E6A9F45AB823', 6, 69.14, 'Parking', 'Aldi', '2024-07-29 14:44:23'),
('EXP5CE0A5EBA88742CE', 'UIDC3D5E6A9F45AB823', 5, 70.97, 'Bills', 'Dunnes Stores', '2023-07-10 07:56:52'),
('EXP8513D562444E4636', 'UIDC3D5E6A9F45AB823', 5, 139.0, 'Shopping', 'Tesco', '2024-03-26 19:53:15'),
('EXP446281384F3F4396', 'UIDC3D5E6A9F45AB823', 6, 69.4, 'Parking', 'Currys', '2023-09-06 02:02:05'),
('EXP831DCF5F8DA340EB', 'UIDC3D5E6A9F45AB823', 6, 74.83, 'Small Purchase', 'Currys', '2023-09-05 12:42:56'),
('EXP191A7E5974084FD1', 'UIDC3D5E6A9F45AB823', 5, 267.07, 'Rent', 'SuperValu', '2024-04-24 07:13:22'),
('EXP87939994567D45ED', 'UIDC3D5E6A9F45AB823', 5, 63.22, 'Appliances', 'Harvey Norman', '2024-12-11 06:47:37'),
('EXPDCDF90F1DA0A4906', 'UIDC3D5E6A9F45AB823', 6, 18.78, 'Small Purchase', 'Tesco', '2023-03-20 12:16:58'),
('EXPBA53E543FDCE4A1A', 'UIDC3D5E6A9F45AB823', 5, 306.81, 'Rent', 'IKEA', '2025-04-13 17:16:53'),
('EXP4C4135A515E5468A', 'UIDC3D5E6A9F45AB823', 5, 71.6, 'Electronics', 'SuperValu', '2024-02-15 20:15:51');

INSERT INTO expenses (expenses_id, user_id, payment_method_id, amount, purpose, spend_at, spend_time) VALUES
('EXPDAB9E05CDA014A48', 'UIDC3D5E6A9F45AB823', 6, 61.58, 'Small Purchase', 'Tesco', '2024-09-14 06:45:55'),
('EXPD237017F8B554EE7', 'UIDC3D5E6A9F45AB823', 5, 289.67, 'Travel', 'Harvey Norman', '2024-03-24 07:51:04'),
('EXP53FDEA00BD8E4C0B', 'UIDC3D5E6A9F45AB823', 5, 262.04, 'Subscription', 'IKEA', '2025-08-26 04:07:48'),
('EXPD920CC1FFDBF4E9B', 'UIDC3D5E6A9F45AB823', 5, 77.03, 'Shopping', 'Starbucks', '2024-08-02 17:50:32'),
('EXPD292E96D177E45C2', 'UIDC3D5E6A9F45AB823', 6, 28.45, 'Small Purchase', 'Insomnia', '2023-08-13 02:40:37'),
('EXP86749DD42E314D46', 'UIDC3D5E6A9F45AB823', 5, 264.38, 'Subscription', 'Tesco', '2023-03-12 09:01:53'),
('EXP2B7721B3B7504223', 'UIDC3D5E6A9F45AB823', 5, 362.52, 'Rent', 'Harvey Norman', '2024-12-10 21:46:06'),
('EXPA84275EF559A4E34', 'UIDC3D5E6A9F45AB823', 5, 448.7, 'Electronics', 'McDonalds', '2025-08-10 08:50:10'),
('EXP5F239BD0074F4145', 'UIDC3D5E6A9F45AB823', 5, 208.62, 'Clothing', 'Bus Eireann', '2024-06-06 12:54:40'),
('EXP659E73ECC78F40E8', 'UIDC3D5E6A9F45AB823', 5, 264.66, 'Rent', 'Centra', '2025-05-24 11:20:15'),
('EXP94D76658D9664995', 'UIDC3D5E6A9F45AB823', 5, 411.56, 'Travel', 'McDonalds', '2025-11-12 17:19:23'),
('EXP9A6EDA47B32C47F1', 'UIDC3D5E6A9F45AB823', 5, 219.94, 'Clothing', 'Insomnia', '2025-12-04 20:07:35'),
('EXPF6D5DA8455C64555', 'UIDC3D5E6A9F45AB823', 5, 306.52, 'Clothing', 'Irish Rail', '2025-06-17 15:05:10'),
('EXPC3C75B0994E948B5', 'UIDC3D5E6A9F45AB823', 5, 366.27, 'Rent', 'Aldi', '2025-03-25 08:47:52'),
('EXPE84757AF6ACD4434', 'UIDC3D5E6A9F45AB823', 5, 317.47, 'Appliances', 'Aldi', '2025-11-23 11:20:17'),
('EXP2ABAA65F1BC74F7B', 'UIDC3D5E6A9F45AB823', 5, 294.83, 'Shopping', 'Currys', '2023-01-30 10:02:10'),
('EXPF56CDE7215DD4E32', 'UIDC3D5E6A9F45AB823', 5, 221.01, 'Appliances', 'Centra', '2023-11-13 17:37:58'),
('EXP5301AA973FE043D4', 'UIDC3D5E6A9F45AB823', 5, 391.99, 'Rent', 'Nandos', '2023-04-07 18:00:52'),
('EXP68C314181DB5419C', 'UIDC3D5E6A9F45AB823', 6, 42.46, 'Small Purchase', 'Irish Rail', '2025-01-13 02:57:46'),
('EXP3F56927A2A484F1A', 'UIDC3D5E6A9F45AB823', 5, 170.6, 'Electronics', 'Dunnes Stores', '2025-04-08 04:25:03'),
('EXP17A3CB1E0EFB4014', 'UIDC3D5E6A9F45AB823', 5, 190.06, 'Clothing', 'Bus Eireann', '2025-01-22 03:32:33'),
('EXP31E83EE0C26B4419', 'UIDC3D5E6A9F45AB823', 5, 138.33, 'Subscription', 'IKEA', '2023-12-16 07:39:02'),
('EXP5AEC513250BC4CE0', 'UIDC3D5E6A9F45AB823', 6, 78.62, 'Taxi', 'Centra', '2023-11-18 23:52:34'),
('EXPE05B74C6AC534DD5', 'UIDC3D5E6A9F45AB823', 5, 254.72, 'Rent', 'McDonalds', '2025-05-20 16:29:30'),
('EXPA6203A03ADFE435A', 'UIDC3D5E6A9F45AB823', 6, 64.04, 'Taxi', 'IKEA', '2023-07-09 07:47:45'),
('EXPEA49BF41AFB74891', 'UIDC3D5E6A9F45AB823', 5, 280.73, 'Appliances', 'Nandos', '2024-06-20 03:33:11'),
('EXPFEF7CE6D98DC47EB', 'UIDC3D5E6A9F45AB823', 6, 64.76, 'Taxi', 'Tesco', '2024-03-22 19:38:10'),
('EXP84F623A58EB14D7A', 'UIDC3D5E6A9F45AB823', 6, 8.16, 'Tips', 'Irish Rail', '2024-02-03 08:55:27'),
('EXPEF3425743B794F4E', 'UIDC3D5E6A9F45AB823', 6, 18.69, 'Taxi', 'SuperValu', '2025-05-23 01:33:01'),
('EXP7723E0845CDE4C52', 'UIDC3D5E6A9F45AB823', 5, 85.89, 'Bills', 'Currys', '2023-03-20 20:40:20'),
('EXP9905464F051342F6', 'UIDC3D5E6A9F45AB823', 5, 274.9, 'Bills', 'Tesco', '2023-06-05 15:39:02'),
('EXP7B0C916EC4A04816', 'UIDC3D5E6A9F45AB823', 5, 364.33, 'Shopping', 'Irish Rail', '2023-08-02 13:08:33'),
('EXP65A523A3ACB14197', 'UIDC3D5E6A9F45AB823', 5, 284.17, 'Electronics', 'Starbucks', '2025-10-11 05:36:27'),
('EXPF8D8D0521ED64C79', 'UIDC3D5E6A9F45AB823', 6, 70.52, 'Tips', 'Irish Rail', '2023-11-06 20:15:27'),
('EXP5082B66644274B81', 'UIDC3D5E6A9F45AB823', 6, 24.41, 'Taxi', 'Irish Rail', '2023-04-02 21:44:27'),
('EXP9C16421CD4FF49B6', 'UIDC3D5E6A9F45AB823', 6, 8.98, 'Transport', 'Harvey Norman', '2023-02-27 22:34:45'),
('EXP663DD4A10A7D4624', 'UIDC3D5E6A9F45AB823', 6, 15.66, 'Lunch', 'SuperValu', '2023-02-26 10:50:51'),
('EXPBA928A207823448F', 'UIDC3D5E6A9F45AB823', 6, 32.97, 'Tips', 'Aldi', '2024-03-25 16:06:39'),
('EXPCCAAF7338813485A', 'UIDC3D5E6A9F45AB823', 6, 2.72, 'Snacks', 'SuperValu', '2024-06-04 11:16:31'),
('EXP72837F4CCA544237', 'UIDC3D5E6A9F45AB823', 5, 494.77, 'Subscription', 'Harvey Norman', '2025-02-06 06:23:22'),
('EXP9ABF653648454C68', 'UIDC3D5E6A9F45AB823', 6, 12.47, 'Tips', 'IKEA', '2023-10-27 12:31:47'),
('EXP58B7156B41044F72', 'UIDC3D5E6A9F45AB823', 6, 27.79, 'Tips', 'Irish Rail', '2024-02-04 15:31:47'),
('EXP49C0A52B86A646B2', 'UIDC3D5E6A9F45AB823', 6, 3.1, 'Small Purchase', 'Insomnia', '2024-04-03 07:18:05'),
('EXP80064868795741B0', 'UIDC3D5E6A9F45AB823', 5, 383.5, 'Electronics', 'Bus Eireann', '2025-09-19 05:25:24'),
('EXPCEE3F517C66F486A', 'UIDC3D5E6A9F45AB823', 6, 66.51, 'Small Purchase', 'Lidl', '2024-09-14 16:08:47'),
('EXP72E3E2D7C8E54335', 'UIDC3D5E6A9F45AB823', 5, 108.69, 'Electronics', 'Dunnes Stores', '2024-05-17 16:44:40'),
('EXPCCD02DA8F99D47DA', 'UIDC3D5E6A9F45AB823', 6, 2.53, 'Parking', 'Currys', '2024-11-24 23:30:26'),
('EXPA57960DA98C246E7', 'UIDC3D5E6A9F45AB823', 6, 76.41, 'Taxi', 'Bus Eireann', '2025-06-08 22:24:56'),
('EXPD438D9918CDA4878', 'UIDC3D5E6A9F45AB823', 5, 333.77, 'Bills', 'Tesco', '2025-11-03 08:52:15'),
('EXPC9C3243B62274152', 'UIDC3D5E6A9F45AB823', 5, 167.27, 'Appliances', 'Irish Rail', '2025-02-19 15:19:15'),
('EXP6DAA015E6DDF4A32', 'UIDC3D5E6A9F45AB823', 6, 71.25, 'Taxi', 'Centra', '2023-07-02 09:34:34'),
('EXP2CC579B278D34A64', 'UIDC3D5E6A9F45AB823', 5, 471.51, 'Travel', 'Bus Eireann', '2023-12-10 01:51:23'),
('EXPD5D273CDB78B4271', 'UIDC3D5E6A9F45AB823', 5, 84.11, 'Electronics', 'Dunnes Stores', '2025-07-29 23:35:05'),
('EXP2D06E8070BB248BB', 'UIDC3D5E6A9F45AB823', 5, 356.93, 'Rent', 'Insomnia', '2025-04-15 00:06:42'),
('EXPC2FC94BE1D9349E3', 'UIDC3D5E6A9F45AB823', 6, 66.4, 'Transport', 'Irish Rail', '2025-07-14 13:34:23'),
('EXPD2AC506CBDAB458E', 'UIDC3D5E6A9F45AB823', 6, 8.39, 'Tips', 'Harvey Norman', '2025-12-29 06:18:10'),
('EXP9DC73991D0B94429', 'UIDC3D5E6A9F45AB823', 5, 460.28, 'Shopping', 'Tesco', '2025-04-30 17:50:37'),
('EXPAC4E4D6D57A34902', 'UIDC3D5E6A9F45AB823', 6, 17.77, 'Lunch', 'Aldi', '2024-05-24 17:06:43'),
('EXP0F85B6B396494073', 'UIDC3D5E6A9F45AB823', 6, 36.46, 'Transport', 'Centra', '2025-06-24 21:19:16'),
('EXPA7F8BC22B7A04097', 'UIDC3D5E6A9F45AB823', 5, 451.47, 'Rent', 'Insomnia', '2023-03-28 10:15:11'),
('EXPCFD26662B43F41EA', 'UIDC3D5E6A9F45AB823', 5, 266.36, 'Rent', 'Bus Eireann', '2023-03-31 16:34:59'),
('EXP3DBD97AF94084276', 'UIDC3D5E6A9F45AB823', 5, 342.93, 'Clothing', 'Centra', '2023-02-03 19:39:41'),
('EXPE0B13A36C7BF4227', 'UIDC3D5E6A9F45AB823', 5, 411.9, 'Bills', 'Bus Eireann', '2023-04-24 10:44:17'),
('EXP32B456CA589D42DC', 'UIDC3D5E6A9F45AB823', 5, 185.37, 'Shopping', 'Harvey Norman', '2023-04-04 14:29:33'),
('EXP0C464DA754C340C4', 'UIDC3D5E6A9F45AB823', 6, 7.38, 'Tips', 'Tesco', '2024-03-21 23:31:02'),
('EXPC5628A61197A475A', 'UIDC3D5E6A9F45AB823', 5, 389.11, 'Appliances', 'McDonalds', '2024-08-17 03:52:25'),
('EXP438D0BC32EEF4C0F', 'UIDC3D5E6A9F45AB823', 5, 460.22, 'Appliances', 'Starbucks', '2023-05-05 15:56:11'),
('EXP66FD0B9CC29F49B7', 'UIDC3D5E6A9F45AB823', 5, 337.66, 'Subscription', 'Aldi', '2025-10-12 05:31:01'),
('EXP899CEFED13224177', 'UIDC3D5E6A9F45AB823', 6, 11.25, 'Parking', 'Harvey Norman', '2023-07-17 19:50:36'),
('EXP238AF653570B45BE', 'UIDC3D5E6A9F45AB823', 6, 19.37, 'Coffee', 'Insomnia', '2023-02-05 07:38:03'),
('EXP0AAAC581BEDB42E2', 'UIDC3D5E6A9F45AB823', 6, 38.11, 'Parking', 'Harvey Norman', '2024-08-12 04:27:05'),
('EXP7FCEFED73E174389', 'UIDC3D5E6A9F45AB823', 6, 21.31, 'Small Purchase', 'Aldi', '2024-03-04 04:58:00'),
('EXP9134059E9B2C41F3', 'UIDC3D5E6A9F45AB823', 5, 440.1, 'Shopping', 'Tesco', '2025-10-22 13:57:13'),
('EXP7A6B3014BE08416C', 'UIDC3D5E6A9F45AB823', 5, 387.71, 'Groceries', 'Currys', '2023-11-17 03:16:47'),
('EXP952263BCB0A549F8', 'UIDC3D5E6A9F45AB823', 5, 305.09, 'Rent', 'Bus Eireann', '2025-11-09 22:51:25'),
('EXP21578B962E1F4C06', 'UIDC3D5E6A9F45AB823', 6, 5.8, 'Coffee', 'Starbucks', '2024-11-12 21:43:11'),
('EXP2EE028D488164D1C', 'UIDC3D5E6A9F45AB823', 5, 124.29, 'Groceries', 'Aldi', '2025-02-21 18:35:55'),
('EXP75BD85CC47F04693', 'UIDC3D5E6A9F45AB823', 6, 20.26, 'Small Purchase', 'Bus Eireann', '2025-07-17 19:59:11'),
('EXP4B0B2EE8BB134EB5', 'UIDC3D5E6A9F45AB823', 6, 65.83, 'Transport', 'IKEA', '2023-08-11 13:08:09'),
('EXP3AD4E2D85CEE4A2E', 'UIDC3D5E6A9F45AB823', 6, 42.66, 'Parking', 'IKEA', '2024-03-03 10:28:54');
